S1-M1,S2-M17,S3-M33,S4-M49
0.0,0.0,0.0,0.0
0.0067390920011429,0.00293938664973766,0.0044772949872095,0.0014809990626838
0.00646731287817352,0.00169295604293043,0.00448704643053027,0.000675408000851017
0.00542421852161289,-0.000196502243405037,0.0039794558560537,-0.000530831599220838
0.00363238031205766,-0.0026509285788958,0.00294629382180717,-0.00208563374533236
0.00125097827306386,-0.00548072592624049,0.00147127423615716,-0.00386104840997895
-0.00139101019492994,-0.0083636229346804,-0.000242979320025825,-0.00563617199609695
-0.00376662733340563,-0.0108277670086071,-0.00184994938965107,-0.00708166485209336
-0.00513073120420644,-0.0122409056467264,-0.00283831912072789,-0.00774706126839858
-0.00451052911839861,-0.0118073556105136,-0.00251721675444242,-0.00705204624474152
-0.000709130812583582,-0.00857414756130669,-9.48855408610614e-06,-0.00428277616911437
0.00767631856582349,-0.00144727067947521,0.00574548023270098,0.00140586534954633
0.0222212979487737,0.0107816559713747,0.015978385181451,0.0109814530302175
0.0446258181951122,0.0293986601928145,0.0320656792787432,0.0255183576517723
0.0766531922319177,0.0557217780663428,0.0554946245610245,0.0461753254588366
0.120058423752549,0.0910484035792377,0.0878187609212261,0.0741667856335248
0.176509999307321,0.136598240005019,0.13060552240988,0.110728760200379
0.247509684754738,0.193455054386832,0.185378330395273,0.157080605000775
0.334315441065049,0.262510839023225,0.253555959319296,0.214384111149649
0.437872716734641,0.344416145728337,0.336392274176934,0.283701730189539
0.558759104137428,0.439540238394171,0.43491956186312,0.36595584479872
0.697146658850168,0.547944286585093,0.549898614666873,0.461891083957342
0.852785103993474,0.669370104435,0.681778475819748,0.572041668138919
1.02500774147735,0.803245962949181,0.830668333676963,0.696705653571766
1.21276026926846,0.94870983854464,0.996323467625998,0.835927710415347
1.41465098964579,1.10464920028904,1.17814642416601,0.989491707340426
1.62901923941942,1.26975519241064,1.37520376157004,1.15692388515802
1.85401743472251,1.44258794961233,1.58625778497174,1.33750680254491
2.08770104054766,1.62164889211169,1.80981175712004,1.5303035644448
2.32812015594843,1.80545526426773,2.04416618510705,1.73419115135712
2.57340631030709,1.99261195412983,2.28748302756525,1.94790101698585
2.82184850062126,2.18187577730423,2.53785411175809,2.17006457318648
3.07195341656194,2.37220791184677,2.79336975136739,2.39926078663306
3.32248610484756,2.56281098928357,3.05218354616347,2.63406291043567
3.57248889037639,2.75314841692455,3.31256962928755,2.87308139192567
3.82127805571239,2.94294474886693,3.57296918376688,3.1150002458068
4.06841944013564,3.13216724636237,3.83202382963604,3.35860465201179
4.31368562492735,3.32099007460833,4.08859442080799,3.60279819986265
4.55699861576641,3.50974377404144,4.34176481022464,3.84660900178543
4.7983628369753,3.69885362872277,4.59083116365206,4.08918476981184
5.03779376683899,3.88877125731111,4.83527835139702,4.32977780570126
5.27524764945032,4.07990412244875,5.07474575640777,4.56772162128961
5.5105574273873,4.2725476711434,5.30898545170832,4.80240151153075
5.74337939089066,4.46682449295748,5.53781607971135,5.03322179927415
5.97315409944389,4.6626342555203,5.76107588908562,5.25957263174744
6.19908398780359,4.85961731420916,5.97857825273424,5.48079913204797
6.42012881926401,5.05713387936473,6.19007262871751,5.69617541562686
6.635018893914,5.25425955351347,6.39521338112306,5.90488551116214
6.84228474956899,5.44979701221129,6.59353820894482,6.10601262906262
7.04030108246959,5.6423026681887,6.78445719965632,6.2985375564895
7.22734181825845,5.83012637879705,6.96725278680384,6.48134628189788
7.40164271499656,6.01146165787402,7.14109019457645,6.65324631543808
7.5614675936947,6.18440344451733,7.30503733357168,6.81299061583298
7.70517426598896,6.34701026130607,7.45809259796303,6.95930759126136
7.83127644678585,6.49736755477869,7.59921862347425,7.09093533311068
7.93849837279684,6.63364913817132,7.72737980894449,7.20665807913126
8.02581945556367,6.75417393300612,7.84158128710718,7.3053428880169
8.09250703093288,6.857455610175,7.94090705391679,7.38597463100862
8.13813607209504,6.9422432362248,8.02455512810467,7.44768764687011
8.16259555544424,7.00755160595128,8.09186790560855,7.48979273442754
8.16608195564621,7.05268055434788,8.14235627973154,7.51179853641872
8.14908105254279,7.07722315426489,8.17571658758699,7.51342676381693
8.11233982052797,7.08106328667509,8.19183997441523,7.49462108892712
8.05683061325021,7.06436358775088,8.19081429005475,7.45554987226696
7.98371013535356,7.02754520616947,8.1729190981243,7.39660316339978
7.89427580067921,6.97126112625396,8.13861475110421,7.31838461811095
7.78992201485356,6.89636501419299,8.0885267424777,7.22169910085711
7.67209870121758,6.80387761799248,8.02342668557963,7.10753679788322
7.54227403389376,6.6949526972111,7.94421129524859,6.97705466448294
7.4019028805214,6.57084428553242,7.85188067714981,6.8315559837676
7.25240192720672,6.43287681590212,7.747517077655,6.67246873789914
7.09513190178807,6.28241928792233,7.63226503228979,6.5013233986195
6.93138677214774,6.12086425701385,7.50731359256816,6.31973064335531
6.76238931451008,5.94961200284735,7.37388103180146,6.12935940581431
6.58929205577587,5.77005981993337,7.23320215442744,5.93191558268721
6.41318231706652,5.58359599438608,7.08651808396552,5.72912164401635
6.23508993422477,5.39159771249513,6.93506820078781,5.52269733387815
6.05599620487025,5.19543190742432,6.78008375392603,5.31434159832906
5.87684270015435,4.9964579006115,6.62278258421539,5.10571583638112
5.69853876367081,4.79603063603754,6.46436436581584,4.89842853357503
5.52196677560629,4.59550333254011,6.30600579330153,4.69402130244952
5.34798456029486,4.39622848093303,6.14885520639084,4.49395631710335
5.17742463320566,4.19955627673158,5.99402624979648,4.29960509094103
5.01109029439324,4.006829795531,5.84259030657866,4.11223851272773
4.84974885838142,3.81937647913314,5.69556761051809,3.93301803417665
4.69412254894279,3.63849579951526,5.55391712179296,3.76298790047103
4.54487777051587,3.4654432940888,5.41852542340259,3.60306833919126
4.40261359071703,3.30141150162736,5.29019504788115,3.45404967530098
4.26785032946452,3.14750864809146,5.16963276420134,3.31658741756576
4.14101915082303,3.00473620391111,5.05743843753909,3.19119845584369
4.02245349455173,2.87396662657178,4.95409511695318,3.07825860190562
3.91238306419308,2.75592268771741,4.85996100624118,2.97800177499044
3.81093090661613,2.65115974835999,4.77526392945536,2.89052115238081
3.71811388109737,2.56005219246178,4.70009881316439,2.81577255791
3.63384654510241,2.48278497819227,4.6344285722873,2.75358024640678
3.55794821283246,2.41935094815626,4.57808860837742,2.7036450771276
3.49015270953001,2.36955418698279,4.53079491757507,2.66555488509917
3.4301201806431,2.33301935361173,4.49215557632362,2.63879668971226
3.37745023632769,2.30920656607533,4.46168514863202,2.62277025126081
3.33169571736771,2.29743109371984,4.43882136304707,2.61680241287439
3.29237644333898,2.29688682988414,4.42294326029257,2.62016165162853
3.2589924246924,2.30667229244774,4.41338992555279,2.63207230638356
3.23103616228397,2.32581774741623,4.40947889673273,2.65172804446225
3.20800379732371,2.35331198971875,4.41052338098898,2.67830426265172
3.1894049920518,2.38812736173875,4.41584751328331,2.71096927216539
3.17477150261703,2.42924175311745,4.42479904751877,2.74889426969078
3.16366444456973,2.47565660215292,4.43675907465187,2.79126222436112
3.15568025192296,2.52641029143584,4.45114860033051,2.83727589369338
3.15045530678871,2.58058676522879,4.46743206928863,2.88616520710954
3.14766918925744,2.63731964920909,4.4851181719554,2.9371942194256
3.14704648841758,2.69579257431949,4.50375848348052,2.9896677455418
3.14835714038455,2.7552367462992,4.5229446388263,3.04293766093172
3.15141532120385,2.81492702009646,4.54230481649052,3.0964087208667
3.15607701246471,2.87417780782163,4.56150027500628,3.14954364922539
3.16223645757001,2.93234006325116,4.58022256259223,3.20186720280232
3.16982181567995,2.98880035809727,4.59819181935659,3.25296893962371
3.17879037957644,3.04298272563575,4.61515634557876,3.3025044999655
3.18912374117447,3.09435353807654,4.63089335965138,3.35019532211691
3.20082326122919,3.1424292525957,4.64521065638123,3.39582683332428
3.21390613344835,3.18678645354707,4.65794873304502,3.43924525743349
3.22840223895871,3.22707327641446,4.66898289420247,3.48035325242899
3.24435187814616,3.26302105652731,4.67822487660855,3.51910463133812
3.26180435484075,3.29445492649123,4.6856236371689,3.5554984338742
3.28081728032001,3.32130210210362,4.69116509412148,3.58957261133122
3.3014563659929,3.34359674443365,4.69487077469799,3.62139756957959
3.3237953878199,3.3614805490638,4.69679547267411,3.6510697872215
3.34791593911234,3.37519856371221,4.69702413271897,3.67870568888313
3.37390655135094,3.3850901357614,4.69566823942601,3.7044359088189
3.40186076627116,3.39157530111073,4.69286199120566,3.72840003110797
3.43187379566306,3.39513730590471,4.68875848687903,3.75074184493393
3.46403751260657,3.39630226883765,4.68352605875209,3.77160511213171
3.4984336783719,3.39561721744041,4.67734476941441,3.79112981381264
3.53512551607886,3.39362784986965,4.67040297304329,3.80944882690192
3.57414798118693,3.39085737720891,4.66289374839383,3.82668498273499
3.6154973275671,3.38778769355771,4.65501095983547,3.84294848018555
3.65912079693094,3.38484391591739,4.64694470874837,3.85833466358804
3.70490743583433,3.38238305582451,4.63887600577792,3.87292222399843
3.75268113618567,3.38068725881324,4.63097062017057,3.88677192858905
3.80219697505941,3.37996170738306,4.6233722306251,3.89992601182718
3.85314177938888,3.38033695792815,4.6161951890018,3.91240836013888
3.90513955487035,3.38187519717535,4.6095173849843,3.9242255826335
3.95776200593195,3.38457967737548,4.60337383734556,3.93536898783633
4.01054386366914,3.38840643202703,4.5977517111371,3.94581739345512
4.06300218137492,3.39327728763065,4.59258745277414,3.95554060184944
4.11465822341029,3.39909316804625,4.58776663922644,3.96450329694659
4.16506014669462,3.40574672914101,4.58312695706276,3.9726690723607
4.21380443698782,3.41313345462033,4.57846447698891,3.98000429043445
4.26055407338957,3.42116048252185,4.57354309455827,3.98648149460234
4.30505167150345,3.42975261067924,4.56810669920124,3.99208214444044
4.34712636645044,3.43885514391873,4.56189334517216,3.99679850413588
4.38669386661872,3.44843348986879,4.55465046093512,4.00063458213699
4.42374983842017,3.45846967415718,4.54614997395924,4.00360608603095
4.45835746953588,3.46895621329082,4.53620216486549,4.00573941856366
4.49063061745142,3.47988803175721,4.52466710983336,4.00706979681987
4.52071432357758,3.49125331150346,4.5114627262995,4.00763862663625
4.54876463484884,3.50302428951498,4.49656869737256,4.0074903076971
4.57492962801657,3.51514905016876,4.48002589626764,4.00666867996618
4.59933330393401,3.52754528008161,4.46193133244226,4.00521334704454
4.62206365190249,3.54009676359824,4.44242905516677,4.00315612430415
4.64316572551545,3.55265311067123,4.42169783212607,4.00051785662544
4.66264006801955,3.56503285438061,4.39993672535653,3.99730582995312
4.68044631890354,3.57702967463645,4.3773498763236,3.99351196181207
4.69651136193441,3.58842114795689,4.35413186096719,3.98911190034129
4.71074097366305,3.5989791406831,4.33045487653387,3.98406509488847
4.72303363382526,3.60848079406182,4.3064587876018,3.97831583241394
4.73329499307074,3.61671901480389,4.28224472041962,3.97179517236005
4.74145147674699,3.62351148239383,4.25787249824632,3.96442366543367
4.74746163890359,3.62870739322015,4.23336180850903,3.95611471158899
4.75132415420995,3.63219144643521,4.20869663624355,3.94677839735142
4.7530817172351,3.63388489601877,4.18383222767919,3.93632564707042
4.75282056678968,3.63374380757078,4.15870368576547,3.92467251959368
4.75066581964644,3.63175493353449,4.13323524922667,3.91174447431193
4.74677323402412,3.62792983357504,4.10734935544578,3.89748041453873
4.74131838389613,3.6222980048666,4.0809747126044,3.88183629344507
4.73448447370486,3.61489984570584,4.05405278308919,3.86478804671833
4.72645013421805,3.60578025623413,4.02654228606537,3.84633361007325
4.71737850324638,3.59498358607268,3.998421545063,3.82649380216011
4.70740871486668,3.5825504765966,3.9696887228615,3.80531191229079
4.69665061848532,3.56851692547333,3.940360187722,3.78285192666342
4.68518315921182,3.55291563920932,3.91046742661881,3.75919544636208
4.67305641881651,3.53577945958118,3.88005304520997,3.73443747947076
4.66029689298705,3.5171463827588,3.84916645544263,3.70868141057496
4.64691521629411,3.49706547051972,3.81785984109228,3.68203354767219
4.63291528477972,3.47560281467448,3.78618490968931,3.65459770637175
4.61830359771117,3.45284668326143,3.75419079579232,3.62647030578538
4.60309765757264,3.42891105872286,3.72192329224082,3.59773641655866
4.58733242450211,3.40393696302074,3.68942537535806,3.56846712269973
4.57106409403514,3.37809122412151,3.65673878444207,3.53871844595963
4.55437081677507,3.35156263422628,3.62390624555714,3.5085319497126
4.53735035796603,3.32455574327886,3.59097382303752,3.47793700316466
4.52011505429265,3.29728278799931,3.55799285935571,3.44695455567654
4.50278472101789,3.26995445183759,3.52502103184123,3.415602148188
4.48547836463657,3.24277026851923,3.4921222046466,3.3838997743323
4.46830565153223,3.21590951346142,3.45936496331222,3.35187610030086
4.45135907451525,3.18952337380533,3.42681995250169,3.31957446850776
4.43470766032325,3.16372905757723,3.39455635386688,3.28705806021894
4.41839289108145,3.13860631077947,3.36263800154693,3.25441359304417
4.40242729133807,3.11419657837635,3.33111970971515,3.22175299369738
4.38679587905695,3.09050479492696,3.30004436920901,3.18921262085993
4.37146041299294,3.06750354844807,3.2694412654095,3.1569498147993
4.356366109749,3.04513915218753,3.23932589727309,3.12513680756589
4.34145027134746,3.02333900600727,3.20970136555817,3.09395231803967
4.3266520767967,3.00201954895172,3.18056117755403,3.06357144825657
4.31192266378477,2.98109410495295,3.15189311610822,3.03415475280849
4.29723456935932,2.96048000014443,3.12368366884629,3.00583753111304
4.28258961656843,2.94010446645864,3.09592242897515,2.97872045715858
4.26802442852619,2.91990901690899,3.06860587285167,2.95286258960746
4.25361291901242,2.89985215550496,3.04173999228742,2.92827759294522
4.23946534177114,2.87991044531979,3.01534140173777,2.90493366690825
4.22572376586625,2.86007808598409,2.98943673356207,2.88275726787098
4.21255416145364,2.84036523973512,2.96406035412828,2.86164026912813
4.20013560105583,2.82079539350316,2.93925065341348,2.84144981021993
4.18864737212661,2.80140205958232,2.91504535537066,2.82203978725485
4.1782550230961,2.78222510970746,2.89147644156766,2.8032627800951
4.16909649887259,2.76330701933193,2.86856535425254,2.7849812180219
4.16126954591773,2.74468928128589,2.8463191296725,2.76707674508669
4.15482147831524,2.72640923511728,2.82472800145253,2.74945702662604
4.14974220496544,2.70849754521517,2.80376481715262,2.73205958949448
4.14596114549615,2.690976534158,2.78338635750717,2.71485265500997
4.14334833788689,2.67385952256029,2.76353637991796,2.69783325476425
4.14171969741472,2.65715123434647,2.74414997161316,2.68102317669816
4.14084605749875,2.64084920100804,2.72515863149714,2.66446344900173
4.14046533742705,2.62494595832537,2.70649542480212,2.64820812490036
4.14029696151506,2.60943170219247,2.68809957406927,2.63231808836793
4.14005751112928,2.59429698522866,2.66991995054462,2.61685547634707
4.13947652740571,2.57953501293913,2.65191708857124,2.60187913212365
4.13831139245486,2.5651431436807,2.63406353546023,2.58744129662914
4.13636028973133,2.55112330359194,2.61634254607804,2.57358554005403
4.13347236828479,2.53748117943452,2.59874531532663,2.5603457626159
4.12955440027505,2.52422422711517,2.58126709861623,2.54774597119459
4.1245734178312,2.51135870744007,2.56390269063232,2.53580047909032
4.1185550369911,2.49888610932401,2.54664180910121,2.52451418086809
4.11157741692256,2.48679942235924,2.52946495637273,2.5138826157791
4.10376105628121,2.47507975866178,2.51234030068109,2.50389163688651
4.09525488974775,2.46369379064357,2.49522202577086,2.49451662880342
4.08621940958753,2.45259237131509,2.4780504435252,2.48572134299533
4.07680778937653,2.44171055349401,2.46075396218574,2.47745652610233
4.06714621460462,2.43096904877865,2.44325277830783,2.4696585890648
4.05731480640501,2.42027699361913,2.42546394757952,2.46224859482452
4.04733063366232,2.40953574226134,2.40730732187848,2.4551318282703
4.0371343164802,2.39864330182461,2.38871174309718,2.44819815808114
4.02658160445755,2.38749897246022,2.36962087026359,2.44132331571043
4.01544104950804,2.37600775752933,2.34999808168306,2.43437111583011
4.00339848372562,2.3640841615435,2.32983002090118,2.42719654147658
3.9900684776271,2.3516550892012,2.30912851806237,2.41964953180964
3.97501233589171,2.33866168501889,2.2879307879003,2.41157925278981
3.9577615504953,2.32506009352304,2.26629795681599,2.40283860649728
3.93784505248304,2.31082125527085,2.244312087489,2.39328874096569
3.91481816261221,2.29592996394811,2.22207194469553,2.38280335089261
3.88829090413791,2.28038347772282,2.19968778536451,2.37127259935562
3.8579533487889,2.26418999499593,2.17727547072063,2.35860653167974
3.82359592556439,2.24736727221292,2.15495020149087,2.34473788807159
3.78512310035559,2.22994159073471,2.13282017911497,2.32962424839624
3.74255946931775,2.21194718780774,2.11098050251753,2.31324946049599
3.69604801656268,2.19342617043539,2.08950762123116,2.29562431521423
3.64584097849475,2.17442884340638,2.06845467565379,2.27678644099841
3.59228435527139,2.15501431166293,2.04784805361468,2.25679940328195
3.53579755909436,2.13525116659037,2.02768546664404,2.23575101212183
3.47684996112396,2.11521803798491,2.00793578761572,2.21375086611744
3.41593619083476,2.09500379009111,1.98854078626575,2.19092718818159
3.353551969842,2.07470716180279,1.9694187509177,2.16742303374175
3.29017205489858,2.05443569632812,1.95046980476858,2.14339196945098
3.22623155635562,2.03430387017103,1.93158253564451,2.11899332868033
3.16211152537912,2.01443040914251,1.91264138932595,2.09438715101742
3.09812930102288,1.99493486356158,1.89353415944089,2.06972891145718
3.03453370897015,1.97593359894813,1.87415886548177,2.04516414661794
2.97150483522655,1.95753543491391,1.85442935535156,2.02082309518741
2.90915778403003,1.93983722531091,1.83427909542317,1.99681549054784
2.84754958948313,1.92291970872743,1.81366280224271,1.97322567356223
2.78668829973054,1.90684396393391,1.79255580091375,1.95010822656823
2.72654319903387,1.89164877732342,1.77095123790627,1.92748435686659
2.66705517640788,1.8773491696895,1.74885550203448,1.90533927137374
2.60814637941737,1.86393624096803,1.72628238915454,1.88362077886501
2.54972848882022,1.85137837877843,1.70324665986335,1.86223933120923
2.49170918764809,1.83962374775304,1.67975766929308,1.84106967159349
2.43399664764729,1.82860384430454,1.6558136908737,1.81995419845599
2.3765020882777,1.81823778239016,1.63139742332687,1.7987080806179
2.31914065462002,1.80843688826086,1.60647298639409,1.77712607177929
2.26183099372517,1.79910914203886,1.58098450724718,1.75499086861392
2.20449397619324,1.79016302104538,1.55485620842336,1.73208273357424
2.1470510121929,1.78151037538607,1.52799375755355,1.70818996293213
2.08942235789368,1.77306809253386,1.50028654936716,1.68311963254069
2.0315257149236,1.76475846835579,1.47161057085438,1.65670791742806
1.97327531151846,1.7565083747547,1.4418315473572,1.628829182041
1.91458153979589,1.74824747340142,1.4108081640612,1.5994030024397
1.85535112656075,1.73990584691148,1.37839527785201,1.56839833225594
1.79548774695518,1.73141148520329,1.34444714979409,1.5358341732862
1.73489295558646,1.72268806690816,1.30882081311315,1.50177635859096
1.67346730613792,1.71365341552159,1.27137972792577,1.46633038645024
1.61111155051646,1.70421889926099,1.23199785415067,1.42963063023158
1.54772784213416,1.6942899010365,1.19056419982726,1.39182665350669
1.48322090396919,1.68376733202332,1.14698778394994,1.35306773344957
1.41749915103721,1.67255001913266,1.10120280871556,1.31348698505776
1.35047577332317,1.66053767920665,1.05317368935428,1.27318663245368
1.28206978931527,1.64763411218852,1.00289946767322,1.23222595200563
1.21220707703291,1.63375020878715,0.950417065417496,1.1906131984913
1.14082138520003,1.61880637851287,0.895802838111759,1.1483024334705
1.0678553263336,1.60273406083512,0.839171982113849,1.10519565000364
0.993261356945237,1.58547608080705,0.780675527299647,1.06115000230681
0.917002755745738,1.56698574180029,0.720494901282424,1.01598938991414
0.83905461464622,1.54722469916639,0.658834350701966,0.969519197384399
0.759404854674301,1.52615981349799,0.595911810550533,0.921542714916526
0.678055266191426,1.50375932196544,0.531949073997174,0.871877690229655
0.595022550470751,1.47998877163192,0.467162280588936,0.820371578190854
0.510339313539363,1.45480721308556,0.401753766567176,0.766914322454723
0.424054942599024,1.4281641458976,0.335906185887433,0.711447866474739
0.336236289061365,1.39999763814436,0.269779525933766,0.653971989714814
0.246968094124282,1.37023391932605,0.203511254578761,0.59454644503612
0.156353120284753,1.33878858675879,0.137219416318223,0.533289693541851
0.0645119878201751,1.30556939189813,0.0710081200826823,0.470374767404598
-0.028417249996537,1.27048040719422,0.00497458959804178,0.406022929278524
-0.122279733409381,1.233427234811,-0.060783188284231,0.340495843091659
-0.216904553591789,1.1943228200634,-0.126159175580367,0.274086939957121
-0.312105575451259,1.15309338424121,-0.191033182850773,0.207112574929204
-0.40768228022682,1.10968399809531,-0.255266561575938,0.139903447605773
-0.50342061048543,1.06406337682712,-0.318700022853689,0.0727966238625313
-0.599093827649946,1.01622758040405,-0.38115363962747,0.00612836638801663
-0.694463410601088,0.96620243267585,-0.442428846907923,-0.0597721274100644
-0.789280028205124,0.914044608382197,-0.502312073044854,-0.124588061732311
-0.883284608414841,0.859841458803284,-0.560579528565606,-0.188019483853226
-0.976209505925128,0.803709739755747,-0.61700264735874,-0.249786884385713
-1.06777974720851,0.745793462883684,-0.671353708239512,-0.309634015443838
-1.1577143162679,0.686261113642182,-0.723411248036041,-0.367329984494406
-1.24572744546375,0.625302473499099,-0.772964992384829,-0.422670681141369
-1.33152989713251,0.563125258316854,-0.819820157853201,-0.475479596456338
-1.41483026069875,0.499951747697294,-0.863801099188803,-0.525608097756153
-1.49533633843479,0.436015537632539,-0.904754371669328,-0.572935223091402
-1.57275673970395,0.371558505615119,-0.942551339454472,-0.617367058340663
-1.64680283649196,0.306828036454527,-0.977090481551112,-0.658835757639742
-1.71719124184242,0.242074520702155,-1.00829952782926,-0.697298268179965
-1.78364695060036,0.177549108213334,-1.03613750301765,-0.732734825888318
-1.8459072269321,0.113501679713758,-1.06059667534443,-0.765147300280981
-1.90372623944451,0.0501789910948394,-1.081704311605,-0.79455748396525
-1.95688034147942,-0.0121770524954577,-1.09952404931294,-0.821005441264553
-2.00517378391606,-0.0733310272389071,-1.11415662823294,-0.844548044502652
-2.04844454460351,-0.133055551712975,-1.12573969429305,-0.865257826619706
-2.08656987591291,-0.191132800194477,-1.1344464082345,-0.883222256427944
-2.11947112168939,-0.247355992770748,-1.14048266040748,-0.898543493060953
-2.14711734658866,-0.301530896017256,-1.14408280445417,-0.911338600377066
-2.16952736068937,-0.353477380729795,-1.14550396180841,-0.921740108865088
-2.18676981212979,-0.403031094486178,-1.14501909674446,-0.929896717063648
-2.19896115636216,-0.450045310198026,-1.14290919726578,-0.935973845457919
-2.20626148232266,-0.494393001215819,-1.13945500185343,-0.940153711498162
-2.20886836724096,-0.535969165586275,-1.13492877290895,-0.942634597889111
-2.20700912171865,-0.574693377101916,-1.12958662828216,-0.94362904239609
-2.20093195116541,-0.610512482304578,-1.12366190257599,-0.943360781723343
-2.19089667600004,-0.643403296402908,-1.11735992556918,-0.942060422252333
-2.17716570383623,-0.673375085638422,-1.11085448670955,-0.939959968618324
-2.15999592316894,-0.700471570761059,-1.10428611664242,-0.937286496054725
-2.13963209087761,-0.724772159678422,-1.09776217488959,-0.934255382371963
-2.11630212650024,-0.746392128926679,-1.09135860101241,-0.931063601239259
-2.09021452479777,-0.765481528874312,-1.08512307485149,-0.927883607144882
-2.06155788010737,-0.782222682522813,-1.07907924525545,-0.924858309831822
-2.03050230806897,-0.79682626886994,-1.07323162795754,-0.922097547236592
-1.99720237648773,-0.809526109148625,-1.06757074185944,-0.919676333648327
-1.96180103549666,-0.820572886995203,-1.06207804897601,-0.917635001184558
-1.92443397801855,-0.830227115623806,-1.05673028825481,-0.915981186752219
-1.88523386658056,-0.838751708855552,-1.05150285036283,-0.914693462148401
-1.84433392633718,-0.846404519990538,-1.04637193157908,-0.913726278480894
-1.80187051609574,-0.853431191243388,-1.04131532839173,-0.913015810082473
-1.75798443545611,-0.86005861749515,-1.03631188204176,-0.912486243802522
-1.7128208911191,-0.866489280837831,-1.03133973953838,-0.912056066110972
-1.66652821153858,-0.872896662675138,-1.0263737462209,-0.911643945469515
-1.61925554744871,-0.879421889940421,-1.0213824054488,-0.911173879048633
-1.57114990733671,-0.886171720188115,-1.01632491560958,-0.910579357566415
-1.52235293579657,-0.89321791434345,-1.01114880931806,-0.909806387519262
-1.47299784054171,-0.900597983786942,-1.00578866689784,-0.908815287591457
-1.42320681299183,-0.908317230784148,-1.00016625722265,-0.90758124137928
-1.37308918107152,-0.91635193209348,-0.994192285052201,-0.906093642019767
-1.3227404025685,-0.924653451695307,-0.987769716083665,-0.904354309587644
-1.27224187734473,-0.933153017624025,-0.980798436909701,-0.902374704738482
-1.22166144816242,-0.941766866388343,-0.973180817116692,-0.900172307334294
-1.17105438717142,-0.95040145074305,-0.964827602703122,-0.897766379584931
-1.12046463453012,-0.958958424287675,-0.955663505343632,-0.895173388180898
-1.06992606674982,-0.967339158173136,-0.945631872545756,-0.89240241250403
-1.01946361931978,-0.975448606285511,-0.93469792911191,-0.889450905717849
-0.969094160288595,-0.983198407387748,-0.922850257578735,-0.886301190410302
-0.918827093838595,-0.990509185399686,-0.910100410361817,-0.88291805048087
-0.868664748751786,-0.997312072131429,-0.896480786897616,-0.879247720691926
-0.818602661637966,-1.00354952311526,-0.882041129013534,-0.8752184751728
-0.76862989085186,-1.00917552395152,-0.8668441528142,-0.870742882750547
-0.718729493936783,-1.01415529351134,-0.850960919261943,-0.865721642741556
-0.668879274975816,-1.01846458636527,-0.8344665348663,-0.860048757189574
-0.61905286666195,-1.02208868635039,-0.817436670437649,-0.853617654549724
-0.569221162901662,-1.02502117248942,-0.799945207427475,-0.846327774329633
-0.519354067246042,-1.0272625321957,-0.782063099062903,-0.838091065630221
-0.469422474975691,-1.02881869667384,-0.763858306180301,-0.828837850379082
-0.419400366394104,-1.02969957790851,-0.745396474326694,-0.818521551867445
-0.369266859730768,-1.02991769082586,-0.726741891043859,-0.807121882525137
-0.319008057186851,-1.02948694231516,-0.707958220325854,-0.794646210275375
-0.268618519069654,-1.02842165663582,-0.689108562100822,-0.781128968944762
-0.218102219690238,-1.02673588350732,-0.670254522232036,-0.766629135206362
-0.167472875007886,-1.02444300350985,-0.651454183508124,-0.751225953184013
-0.116753584715463,-1.0215556098659,-0.632759107446626,-0.735013237519996
-0.0659757967250668,-1.01808561084957,-0.614210726953635,-0.71809271317305
-0.0151776728424955,-1.01404446667907,-0.595836664823411,-0.700566940490057
0.0355979984279868,-1.00944345178729,-0.577647595632773,-0.682532413275967
0.086306142272123,-1.00429382087869,-0.559635241414484,-0.664073396644409
0.136901759468555,-0.998606758514837,-0.541771961409755,-0.645256989820767
0.187342072922837,-0.992393010110168,-0.524012190603034,-0.626129766897736
0.237588244177098,-0.985662128533992,-0.506295739272116,-0.606716185973608
0.287606491372764,-0.978421323720066,-0.488552725923659,-0.587018790193886
0.337368504159732,-0.970673968446739,-0.470709711501796,-0.567020078049017
0.38685112615996,-0.962417884331016,-0.452696456473086,-0.546685812105041
0.436035354831991,-0.953643597797099,-0.434452647267481,-0.525969470827823
0.484904784455198,-0.944332804510705,-0.415933939109066,-0.504817522065149
0.533443682424549,-0.934457301681663,-0.397116735581606,-0.483175196865505
0.581634934372807,-0.923978633480402,-0.378001261180867,-0.46099245432626
0.629458113501421,-0.912848643513265,-0.35861266448269,-0.438229839687451
0.67688791975814,-0.901011043622796,-0.339000093849306,-0.414863941185902
0.723893193644211,-0.88840399979442,-0.319233889893885,-0.390892144931468
0.770436639436472,-0.874963617797876,-0.299401215824094,-0.366336377117638
0.81647529997687,-0.860628099407919,-0.279600580048193,-0.341245521403727
0.861961721168406,-0.845342249493951,-0.259935784492102,-0.31569622180541
0.906845643595273,-0.829061956477958,-0.2405098546583,-0.289791842205693
0.951075976951238,-0.811758250820797,-0.221419477904654,-0.263659461153768
0.994602764213412,-0.793420570605182,-0.202750402722357,-0.237444934338705
1.03737883619625,-0.774058927295035,-0.184574143071297,-0.211306245677924
1.07936089555867,-0.753704761720625,-0.166946197605757,-0.185405569445188
1.12050984647558,-0.73241040099964,-0.149905844540949,-0.159900650276379
1.16079028905004,-0.710247160050833,-0.133477421606779,-0.134936242557478
1.20016920975864,-0.687302262676516,-0.117672861396194,-0.110636407576943
1.23861400495776,-0.663674870879842,-0.102495139822048,-0.0870984289707261
1.27609006128845,-0.639471591369211,-0.087942220908537,-0.0643889720650956
1.31255817689312,-0.61480186317556,-0.0740110509900937,-0.0425428933873937
1.34797213729551,-0.589773615470005,-0.0607011699573792,-0.0215648287518548
1.38227675927148,-0.564489525032613,-0.0480175629218767,-0.00143338775550465
1.41540668598401,-0.539044112224005,-0.0359724676011927,0.0178925000486388
1.44728615795302,-0.513521811217169,-0.024585975116725,0.0364657678595837
1.4778298980969,-0.487996051475422,-0.0138854062789717,0.054342743369053
1.50694513811203,-0.462529303192529,-0.00390359792644941,0.0715748879993299
1.5345346852808,-0.437173972101249,0.00532362547436687,0.0882015400656407
1.56050079681917,-0.411973976063099,0.013760414042481,0.104244310841694
1.58474951171486,-0.38696679373813,0.0213738571492138,0.119703574300198
1.60719500816598,-0.362185744191842,0.0281365353376501,0.134557251522373
1.62776352569849,-0.337662240486853,0.0340283251177753,0.148761848544625
1.64639642468309,-0.313427768621914,0.0390372522662985,0.162255487801361
1.66305205145011,-0.289515382857358,0.0431593430585319,0.174962499770675
1.67770622196808,-0.265960580360013,0.0463975714369387,0.186799028430675
1.69035130850409,-0.242801514213604,0.0487601178188087,0.197679059459651
1.70099408381729,-0.220078608437142,0.0502582253144034,0.207520302406731
1.70965261930954,-0.197833732072036,0.050903956086573,0.216249437243467
1.71635262714061,-0.176109153122237,0.0507081191727078,0.223806355439515
1.72112367183088,-0.154946514699074,0.0496785733617575,0.230147166706741
1.72399565508577,-0.134386052063161,0.0478190209689825,0.235245885527013
1.72499590761307,-0.114466207369675,0.0451283183573869,0.239094839388745
1.72414711782046,-0.095223713595881,0.0416002533241266,0.241703940224498
1.72146620596953,-0.0766941283337204,0.0372236905332371,0.243099024548647
1.71696413010901,-0.0589127177297348,0.0319829705139697,0.243319495459158
1.71064650134594,-0.0419155308360319,0.0258584648464536,0.242415495790759
1.70251480153343,-0.0257404685231167,0.0188272326469465,0.240444814495841
1.69256794299017,-0.01042813832648,0.010863778029147,0.23746968734547
1.6808038907784,0.00397770428704348,0.00194095764439093,0.23355360786984
1.66722108417534,0.0174302972706599,-0.00796888560098264,0.228758223804428
1.65181944369209,0.0298807131804057,-0.0188924941589217,0.223140365406785
1.63460082861742,0.0412794453001048,-0.0308539489545815,0.216749240319155
1.6155689088558,0.0515786950480074,-0.0438726529311772,0.209623838376449
1.59472852083803,0.0607352186752149,-0.0579611765777785,0.201790618682346
1.57208467442814,0.0687134943016536,-0.0731231672727958,0.193261595548621
1.54764144933872,0.0754888888014245,-0.0893515624751839,0.184032989952413
1.52140105179843,0.0810504532221669,-0.106627341076433,0.174084656092711
1.49336328764818,0.0854029687019803,-0.124918996469692,0.163380514291267
1.46352564781851,0.0885679100467257,-0.1441828283019,0.151870208999762
1.43188410626766,0.0905830903319454,-0.164364043648774,0.139492154965659
1.3984346159744,0.091500886485847,-0.185398550896634,0.126178032698771
1.36317517593313,0.0913851045991944,-0.207215237559258,0.111858651070621
1.32610825060544,0.0903067031652881,-0.229738459580521,0.0964709235483405
1.2872432669634,0.0883387319748836,-0.25289044330125,0.0799655265552237
1.24659889960601,0.0855509471145309,-0.276593316766309,0.0623146504479577
1.20420488083875,0.0820046166644905,-0.300770543833472,0.043519143238485
1.16010313449541,0.0777480309508132,-0.325347626105637,0.0236143078370016
1.11434812099089,0.0728131744959278,-0.35025205167314,0.00267365957952198
1.0670063855613,0.0672139080290625,-0.375412589350822,-0.0191899155108738
1.01815540845762,0.0609458573911809,-0.400758134464385,-0.0418259495831684
0.967881949858057,0.0539880275091893,-0.426216391000566,-0.0650512067662175
0.916280148404849,0.0463059752831076,-0.45171271263584,-0.0886572987974864
0.863449658376657,0.0378562097135475,-0.477169413940545,-0.112420580826411
0.809494090196988,0.0285913639680324,-0.502505800352329,-0.136113546427807
0.754519953912422,0.0184656194520731,-0.527639055538285,-0.159516756060599
0.698636205905937,0.0074398637855406,-0.552485979891634,-0.182430250515587
0.641954383111,-0.00451387098548526,-0.576965414404988,-0.204683434954748
0.584589197295086,-0.0174090305199614,-0.601001036007785,-0.226142569106689
0.526659373996496,-0.0312424197792725,-0.624524101881181,-0.24671524870313
0.468288470629848,-0.0459933958077067,-0.647475677090287,-0.266351582415557
0.409605403047619,-0.0616242908411879,-0.669807919578631,-0.285042117648321
0.350744448207365,-0.0780818828555479,-0.691484122324775,-0.302812903282407
0.291844563711864,-0.0952996668666074,-0.712477409395995,-0.319718355196326
0.233047959004218,-0.113200653528349,-0.732768218265414,-0.335832776510149
0.174497952743967,-0.131700423981799,-0.752340930614935,-0.351241458211442
0.116336243152497,-0.150710191264047,-0.77118019165091,-0.366032243728204
0.0586997935034189,-0.170139650323344,-0.789267547246433,-0.380288296767674
0.00171758813775528,-0.189899436119497,-0.806579010945139,-0.394082591836913
-0.054492456923066,-0.209903051893273,-0.823084052083013,-0.407474385059429
-0.109826141436544,-0.230068179709168,-0.83874629320097,-0.420507655725633
-0.164194921612628,-0.250317345345541,-0.853525952629459,-0.433211272139951
-0.2175269266085,-0.270577979639565,-0.867383804862358,-0.445600459238637
-0.269766903431675,-0.290781994207084,-0.880286194862194,-0.457679050532896
-0.320875030708108,-0.310865061855098,-0.89221046601495,-0.469442000090002
-0.370824640541557,-0.330765848127028,-0.903150070650616,-0.480877704440346
-0.419598988220536,-0.350425466315469,-0.913118641292422,-0.491969820493067
